Asset_ID,Publish_Date,IG_Publish_Time,IG_Publish_Time_UK,Topic,Caption,Content_Bucket,Asset type,Cross_Posted,IG_Post_ID,IG_Permalink,IG_Duration_sec,IG_Views,IG_Reach,IG_Likes,IG_Comments,IG_Saves,IG_Shares,IG_Repost,IG_Profile_Visits,IG_Follows,IG_Follows_Attributed,Skip Rate,Avg Watch Time(sec),IG_External_Link_Tap,TT_Video_Title,TT_Link,TT_Post_Time,TT_Views,TT_Likes,TT_Comments,TT_Shares,TT_Saves,TT_Watched_Full,TT_Profile_Visits,TT_Follows,Main_Learning,Column 1,Column 2,Post_Objective,Featured_Person,Hook_Cover_Text,Caption_Opening_Line,Collab_Post,CTA,Column 3,Column 4
1,29/10/2025,,,What to eat or avoid - endo,,Education,Carousel,FALSE,,,,279,,1,,1,0,,1,0,,,,,,,,,,,,,,,,,,,Education,,,,No,,,
2,31/10/2025,,,find best care on docmap,,Brand,Static Post,FALSE,,,,302,,2,1,0,0,,2,0,,,,,,,,,,,,,,,,,,,Brand,,,,No,,,
3,03/11/2025,,,Therapy - in person or online,,Education,Carousel,FALSE,,,,304,,3,3,0,0,,2,0,,,,,,,,,,,,,,,,,,,Education,,,,No,,,
4,06/11/2025,,,Capitalism stole your lunch,,Story,Carousel,FALSE,,,,321,,2,2,0,0,,2,0,,,,,,,,,,,,,,,,,,,Story,,,,No,,,
5,07/11/2025,,,Find good doctor,,Brand,Static Post,FALSE,,,,312,,4,0,0,1,,2,0,,,,,,,,,,,,,,,,,,,Brand,,,,No,,,
6,20/11/2025,,,Be kind to yourself,,Validation,Reel,TRUE,,,,91,,3,2,0,0,,1,1,,71.90%,3,,,,,,,,,,,,,,,,Validation,,,,No,,,
7,24/11/2025,,,Ginger Tumeric Recipe -endo,,Education,Reel,TRUE,,,,194,,5,2,1,1,,1,1,,63.10%,6,,"Dealing with bloating and inflammation is tough, but relief doesn't have to be complicated. Ingredients: 2 tbsp extra virgin olive oil 2 tbsp turmeric powder ¼ cup finely chopped fresh ginger 1 large onion, chopped 1 tbsp whole black peppercorns 2 bay leaves 3 large celery stalks, chopped 2 large carrots, chopped 1 handful parsley (or cilantro) 1 tbsp sea salt 8 cups water 1 tbsp raw apple cider vinegar Why it works: Turmeric: Contains curcumin, which is known to help lower inflammation in the body Ginger: A natural way to aid digestion and settle the stomach. Let us know what is your go to food that helps you with Endo Belly.",https://www.tiktok.com/@docmap/video/7576319629883215126,2025/11/24 15:50:03,377,16,2,2,8,3.83%,0,0,,,,Education,,,,No,,,
8,26/11/2025,,,Willing to be disliked- megan's story,,Story,Carousel,FALSE,,,,153,,3,0,0,0,,0,0,,,,,,,,,,,,,,,,"No context, random patient story",,,Story,,,,No,,,
9,03/12/2025,,,Zucchini fritters,,Education,Reel,TRUE,,,,175,,4,4,0,0,,0,0,,79%,5,,"If your gut’s being dramatic again, these zucchini, pea & mint fritters might just be the peace offering it needs. 🌿 They’re light, IBS-friendly, and take only 20 minutes - no weird ingredients, just good food that won’t upset your stomach. You’ll need (serves 2 / makes 6 fritters): ½ cup mint leaves, finely chopped 1 small potato (about 100g), grated 130g courgette, grated 20g Parmesan cheese, finely grated 30g green peas 1 egg 40g gluten-free flour Zest of ½ lemon Salt & pepper Olive oil for frying How to: 1️⃣ Grate the potato and courgette, then squeeze out the extra moisture with a clean tea towel. 2️⃣ Mix everything together in a bowl — potato, courgette, peas, Parmesan, mint, lemon zest, egg, flour, salt, and pepper. 3️⃣ Heat a little olive oil in a non-stick pan. Add spoonfuls of the mix and fry 3–4 mins each side until golden. Low FODMAP, easy to digest, and surprisingly good.",https://www.tiktok.com/@docmap/video/7579656464449506582,2025/12/03 15:39:00,322,5,0,0,5,2.09%,0,0,,,,Education,,,,No,,,
10,04/12/2025,,,Truth we dont like to hear,,Validation,Carousel,FALSE,,,,105,,2,0,0,0,,1,0,,,,,,,,,,,,,,,,"not quite validation, telling people to confront the truth and stop procrastinating",,,Validation,,,,No,,,
11,10/12/2025,,,Ask GPT what endo feels like,,Validation,Carousel,FALSE,,,,120,,4,3,1,,,2,0,,,,,,,,,,,,,,,,ask gpt what it feels like if you have endo so if you have it you know what it feels like to live with it? thats a very odd topic,,,Validation,,,,No,,,
12,11/12/2025,,,Salmon recpie,,Education,Reel,TRUE,,,,369,,6,4,2,2,,0,0,,76.50%,6,,"Why is this recipe your go-to when managing Endometriosis? The Omega-3s in salmon work at a cellular level to calm the chronic, overactive inflammatory ""fire"" associated with endometriosis, which is why it is often recommended as part of an anti-inflammatory diet for managing the condition. But it's not just for 'Endo girls'! Salmon - Packed with Omega-3s Quinoa - Low-FODMAP Spinach - Magnesium-rich This is one of those meals that even people who don't spend much time in the kitchen won't struggle to make. Ingredients (2 servings) 2 salmon fillets, descaled 1 lemon (½ juiced, ½ sliced) 1 tbsp extra virgin olive oil 1 tsp dried oregano or mixed herbs 1 tsp dried dill Salt and pepper 75g dry quinoa (rinsed) 450ml water or low-FODMAP stock 4 large handfuls baby spinach Method Preheat oven to 180°C Cook quinoa in water or stock. Simmer on medium heat for 15 mins. Whilst quinoa is cooking, place salmon on a tray, drizzle with the extra virgin olive oil, lemon juice, and herbs. Add salt and pepper to taste. Lay lemon slices on top. Bake for 12–14 min until cooked. Fluff the quinoa with a fork. Stir spinach into the hot quinoa to wilt and leave to stand until the salmon is ready. Serve salmon over the quinoa-spinach mix. Thank you @dietitianfitfor this recipe!",https://www.tiktok.com/@docmap/video/7582570830983351574,2025/12/11 12:07:33,841,5,0,1,0,0.71%,0,0,,,,Education,,,,No,,,
13,17/12/2025,,,Shakshuka,,Education,Reel,TRUE,,,,156,,2,0,0,0,,0,0,,86.20%,6,,,,,808,8,0,0,0,0.61%,0,0,,,,Education,,,,No,,,
14,18/12/2025,,,Introducing AI Service,,Brand,Static Post,FALSE,,,,270,,12,0,1,2,,7,1,,,,,"Most people know shakshuka as a comfort dish. But our Registered Dietitian Clementine turns it into a real breakfast strategy for anyone managing PCOS. This version has extra protein, which can make a big difference for energy and hormone balance. Studies show that prioritising protein in the morning helps stabilise blood sugar and reduce PCOS symptoms, and this one does just that, without losing the flavour. The best part? You can make the base ahead, freeze it, and have a balanced, high-protein breakfast ready in minutes. We’ll be sharing more nutritionist-backed recipes every week, so if you want to start your mornings with something that actually supports your body - comment ✨breakfast ✨and we’ll send you this one✌️",https://www.tiktok.com/@docmap/video/7585217059584347414,2025/12/18 15:16:34,808,8,0,0,0,,,,,,,Brand,,,,No,,,
15,22/12/2025,,,Kiwi banana overnight oats,,Education,Reel,TRUE,,,,165,,3,0,0,0,,0,0,,78%,5,,"We know… not the most aesthetic oats you’ll see today. But they’re rich in fibre and great for anyone struggling with digestion or constipation. Sometimes function > esthetic. Recipe by Registered Dietitian Clementine. ½ cup (45g) rolled oats 1 tbsp chia seeds 1 tbsp ground flaxseeds 1 medium banana, mashed or sliced 1 kiwi, peeled and chopped (plus extra slices for topping) ¾ cup (180ml) milk or plant-based milk (e.g., oat, almond, soy) ¼ cup (60g) Greek yogurt or dairy-free alternative Warning, you need to increase your fibre intake slowly if you're not used to having it!!! Follow for more nutrition tips and recipes backed by real specialists.",https://www.tiktok.com/@docmap/video/7586696685984828694,2025/12/22 14:57:57,270,3,0,0,1,2.14%,,,,,,Education,,,,No,,,
16,07/01/2026,,,what is ibs,,Education,Carousel,FALSE,,,,38,,3,0,0,0,,2,0,,,,,,,,,,,,,,,,,,,Education,,,,No,,,
17,08/01/2026,,,wait time for gynae appt,,Education,Reel,TRUE,,,,172,,4,1,0,0,,0,0,,71%,4,,,,,287,1,0,0,0,2.39%,,,,,,Education,,,,No,,,
18,09/01/2026,,,Whatsapp service intro,,Brand,Reel,FALSE,,,,180,,5,2,1,,,0,0,,76.10%,8,,"18 weeks is the NHS target For many patients, that target is missed - sometimes by months. Where you live can change how long you wait. Here’s how it looks across regions 👇 Average time to first appointment: London: 18.3 weeks North West: 18.2 weeks East of England: 17.2 weeks Midlands: 15.2 weeks North East and Yorkshire: 15.1 weeks South East: 15 weeks South West: 14.3 weeks How long did you end up waiting for your appointment?",https://www.tiktok.com/@docmap/video/7593345930380807446,2026/01/09 13:00:40,287,1,0,0,0,,,,duration: 37 sec,,,Brand,,,,No,,,
19,10/01/2026,,,Jess first video - IBS,,Story,Reel,TRUE,,,,1594,,14,0,2,0,,3,3,,29.30%,15,,,,,253,8,0,0,0,11.54%,,,"50 sec duration, Jess makes really engaging videos, 5hr 53m 27 total watch time",,,Story,,,,No,,,
20,12/01/2026,,,Abbie first video - endo,,Story,Reel,TRUE,,,,246,,5,2,0,0,,0,0,,61.60%,8,,"Say hello to Jess 👋 She developed IBS while backpacking across Southeast Asia, and this is her story.   Jess is our gut health ambassador and will be sharing more about living with IBS, how she found the right nutritionist, and what it’s really like to work with one.   We’re looking forward to more insight from Jess and her gut health universe - from managing symptoms to rebuilding trust in her body and food again.",https://www.tiktok.com/@docmap/video/7594432486759763222,2026/01/12 11:16:55,739,13,0,0,0,2.40%,,,1 min duration,,,Story,,,,No,,,
21,13/01/2026,,,Endo 10 yr diagnosis,,"Education, Validation",Carousel,FALSE,,,,69,,3,0,0,0,,2,0,,,,,"Say hi to Abbie 👋 Abbie was diagnosed with endometriosis in 2024 after years of living with symptoms. She’s one of our Endometriosis Ambassadors, and in this video she shares her diagnosis story, what her symptoms were like, and what life with a chronic illness really looks like. Endometriosis isn’t rare, it affects about 1 in 10 women in the UK, which is roughly 1.5 million people, yet so many still feel misunderstood or unheard. We’re excited to share more insights from Abbie’s journey and help raise awareness for this condition that so many live with every day ❤️",https://www.tiktok.com/@docmap/video/7594750584956259606,2026/01/13 07:51:19,739,13,0,0,0,,,,,,,"Education, Validation",,,,No,,,
22,15/01/2026,01/15/2026 08:22,2026-01-15 16:22 GMT,7 things women know about weight loss,"Behind every “failed” diet is a body doing exactly what it’s designed to do. We spoke to one of our dietitians about women’s weight loss and the most common misconceptions.  Weight regain isn’t about willpower, it’s biology. The body fights weight loss through hormonal and metabolic adaptation, so regaining isn’t a personal failure. ✅ Truth: Your body isn’t against you. It’s just protecting you. 	 Generic meal plans fail because they ignore your life. Meal plans don’t teach you how to eat, they just give you a list. Once you get bored, you’re lost again. ✅ Truth: You can’t outsource your nutrition.  Weight loss requires emotional coping, not just calorie tracking. After bariatric surgery, people lose their go-to coping mechanism (food) and must rebuild emotional regulation. ✅ Truth: You can’t heal your body if you don’t also heal your emotions.  True support means flexibility and continuity, not quick fixes. The NHS often lacks time; private care allows sustained, tailored guidance that fits real life. ✅ Truth: Long-term change needs long-term support.  Hormonal shifts need smart nutrition, not restriction. Bariatric-style eating (high protein, balanced meals, nutrient-rich) works beautifully when adjusted to PCOS or menopause. ✅ Truth: Your hormones aren’t a dead end, they’re a roadmap.  Bariatric surgery isn’t the easy way out, it’s a lifelong commitment. Patients must relearn eating, pacing, supplementation every day. ✅ Truth: Discipline doesn’t end with surgery, it starts there.  Rebuilding trust with food takes patience Learning to tell hunger from habit, and not letting one bad day ruin progress, is key. ✅ Truth: Progress is consistency, not perfection.  If you need help with dieting, find the right nutritionist or dietitian on our website, link in bio.","Validation, Education",Reel,FALSE,18068263139405402,https://www.instagram.com/reel/DTibIS4jI8T/,9,2733,1967,6,0,8,0,,1,1,1,48.80%,6,,,,,,,,,,,,,"9 sec duration, total watch time 3hr 42 min 42 sec, really simple video with most of the content in the caption",,,"Validation, Education",,Behind every “failed” diet is a body doing exactly what it’s designed...,Behind every “failed” diet is a body doing exactly what it’s designed to do.,No,Link in bio,,
23,16/01/2026,01/16/2026 09:00,2026-01-16 17:00 GMT,Whatsapp Demo,"We’ve launched our WhatsApp chat to help you find the right specialist faster. In a world full of AI bots, we still believe some jobs should be handled by real people. And we’ll never collect your data.",Brand,Reel,FALSE,18113236015624936,https://www.instagram.com/reel/DTlEQSdDGr4/,54,1991,1796,3,0,0,0,,0,0,0,,,,"We’ve launched our WhatsApp chat to help you find the right specialist, faster. In a world full of AI bots, we still believe some jobs should be handled by people. And we’ll never collect your data. Give it a try and tell us what you think.",https://www.tiktok.com/@docmap/video/7596000553092664598,2026/01/16 16:44:47,779,1,0,1,0,,,,"ad promo, ad view 1610, men composed largest view group, terrible engagement. I dont think its entirely cleay what it is that the whatsapp chat did, again i think its out of context and the phrase help you find a specialist probably doesnt help either, consider i dont think people associate that with doctors",,,Brand,,We’ve launched our WhatsApp chat to help you find the right specialist...,We’ve launched our WhatsApp chat to help you find the right specialist faster.,No,Message us / WhatsApp,,
24,18/01/2026,01/18/2026 10:32,2026-01-18 18:32 GMT,Jess - turn ibs around,"Living with Irritable Bowel Syndrome (IBS) can feel like an endless battle with your own body.   The unpredictable symptoms, dietary restrictions, and lifestyle limitations can take a significant toll on both physical and mental well-being.  But amidst the challenges, there are countless stories of hope, resilience, and healing that remind us recovery is possible.  This is how @jess.emma.s turned her IBS round.",Story,Carousel,FALSE,17883629415441559,https://www.instagram.com/p/DTqYbwSDPit/,0,92,27,5,0,0,0,,5,0,0,,,,,,,,,,,,,,,4/5 likes in the first photo of carousel,,,Story,@jess.emma.s,Living with Irritable Bowel Syndrome (IBS) can feel like an endless battle...,Living with Irritable Bowel Syndrome (IBS) can feel like an endless battle with your own body.,Yes,,,
25,19/01/2026,01/19/2026 09:15,2026-01-19 17:15 GMT,Generic meal - bad starting point,"We had a chat with our nutritionist Veronika about why those “one-size-fits-all” meal plans never really work, and why it’s not your fault!  @mindbodysoulweightloss",Education,Carousel,FALSE,17946608610097984,https://www.instagram.com/p/DTs0bDMjFIn/,0,67,21,3,1,0,0,,0,0,0,,,,,,,,,,,,,,,made based on dietitian guidance,,,Education,@mindbodysoulweightloss,We had a chat with our nutritionist Veronika about why those “one-size-fits-all”...,"We had a chat with our nutritionist Veronika about why those “one-size-fits-all” meal plans never really work, and why it’s not your fault!",Yes,,,
26,20/01/2026,01/20/2026 09:47,2026-01-20 17:47 GMT,Cervical cancer prevention,"This week is Cervical Cancer Prevention Week — a reminder that cervical cancer is largely preventable and early detection saves lives. In the UK, around 3,200 people are diagnosed each year and roughly 850 lose their lives to it annually.   We asked Mr. Mahantesh Karoshi, MD, FRCOG — Consultant Gynaecologist in London — to answer the most common myths he hears about cervical cancer, screening, symptoms, and prevention.  ✨ Cervical cancer screening (smear tests) and the HPV vaccine are some of the most effective tools we have — and getting screened when invited can make all the difference.   💬 What Dr. Karoshi wants you to know: “Smear tests are about prevention, not judgment”  👉 Anyone with a cervix aged 25–64 is invited for regular smear tests. If that’s you - don’t skip it. Early detection saves lives.",Education,Carousel,FALSE,18444758539103265,https://www.instagram.com/p/DTvc01TjAYI/,0,97,25,5,0,0,0,,4,0,0,,,,"It took years for Abbie to get diagnosed through the NHS. The reality is, the waiting time for a laparoscopy can be up to 18 months. If you don’t want to wait that long, we can help you connect with private doctors who understand your condition, and your story. Message us on WhatsApp, and we’ll match you with the right specialist based on your symptoms, reviews, and location, not just from our network, but also beyond. Link in BIO",https://www.tiktok.com/@docmap/video/7597457384704986390,2026/01/20 14:55:00,337,14,0,0,1,,,,,,,Education,,This week is Cervical Cancer Prevention Week — a reminder that cervical...,This week is Cervical Cancer Prevention Week — a reminder that cervical cancer is largely preventable and early detection saves lives.,No,,,
27,21/01/2026,01/21/2026 08:58,2026-01-21 16:58 GMT,whatsapp - finding right doctor is stressful,"We get it! Finding the right doctor can be stressful.  That’s why we started the Docmap’s WhatsApp chat.  You talk to us — real people — tell us what kind of doctor you’re looking for, and we’ll send you options based on patient reviews, your insurance, location, etc.  No more endless Googling. No more doing it alone.",Brand,Reel,TRUE,18543484375040355,https://www.instagram.com/reel/DTx8D2VjHka/,0,207,176,3,0,0,0,,0,0,0,66.70%,6,,,,,266,4,0,0,0,0%,,,,,,Brand,,We get it! Finding the right doctor can be stressful. That’s why...,We get it! Finding the right doctor can be stressful.,No,Message us / WhatsApp,,
28,22/01/2026,01/22/2026 08:13,2026-01-22 16:13 GMT,Abbie second video- took years to get diagnosis from NHS,"It took years for Abbie to get diagnosed through the NHS. The reality is, the waiting time for a laparoscopy can be up to 18 months.  If you don’t want to wait that long, we can help you connect with private doctors who understand your condition, and your story.  Message us on WhatsApp, and we’ll match you with the right specialist based on your symptoms, reviews, and location, not just from our network, but also beyond. Link in BIO",Story,Reel,TRUE,18092824177962931,https://www.instagram.com/reel/DT0biAujNs3/,31,236,202,9,0,1,0,,0,0,0,83.50%,4,,"We get it! Finding the right doctor can be stressful. That’s why we started the Docmap’s WhatsApp chat. You talk to us — real people — tell us what kind of doctor you’re looking for, and we’ll send you options based on patient reviews, your insurance, location, etc. No more endless Googling. No more doing it alone.",https://www.tiktok.com/@docmap/video/7598223128036216086,2026/01/22 16:26:27,337,14,0,0,1,3.26%,,,,,,Story,,It took years for Abbie to get diagnosed through the NHS. The...,It took years for Abbie to get diagnosed through the NHS.,No,Link in bio,,
29,24/01/2026,01/24/2026 10:37,2026-01-24 18:37 GMT,whatsapp demo - link tree,,Brand,Reel,TRUE,17872677906506995,https://www.instagram.com/reel/DT51vyCDB54/,0,70,41,5,0,0,0,,0,0,0,57.10%,9,,,,,779,1,0,1,0,0.38%,,,,,,Brand,,,,No,,,
30,26/01/2026,01/26/2026 09:20,2026-01-26 17:20 GMT,Jess-finding the right nutritionist is like finding a new friend,"Finding the right nutritionist is like finding a new friend as an adult.  And when your IBS is tangled up with your mental health, it’s even trickier.  You don’t just need someone with the right degree, you need someone who the right background.   We help you skip the guessing game and find the right one faster. Message us on WhatsApp - we are real people.  @jess.emma.s",Story,Reel,TRUE,18101707285658148,https://www.instagram.com/reel/DT-2hNFjCPK/,51,668,521,8,0,0,0,,0,0,0,75.20%,6,,"Finding the right nutritionist is like finding a new friend as an adult. And when your IBS is tangled up with your mental health, it’s even trickier. You don’t just need someone with the right degree, you need someone who the right background. We help you skip the guessing game and find the right one faster. Message us on WhatsApp - we are real people.",https://www.tiktok.com/@docmap/video/7599686048758762774,2026/01/26 15:03:20,779,15,0,0,0,1.28%,,,duration 51 sec,,,Story,@jess.emma.s,Finding the right nutritionist is like finding a new friend as an...,Finding the right nutritionist is like finding a new friend as an adult.,Yes,Message us / WhatsApp,,
31,28/01/2026,01/28/2026 10:05,2026-01-28 18:05 GMT,3 weight loss facts every women should know,Dieting isn’t just about what you stop eating. Here are 3 things our dietitian wants you to know instead.,Education,Reel,TRUE,18553410532044146,https://www.instagram.com/reel/DUEFPnYDERK/,26,154,143,2,0,1,0,,0,0,0,81.90%,2,,,,,259,3,0,0,1,0.77%,,,,,,Education,,Dieting isn’t just about what you stop eating. Here are 3 things...,Dieting isn’t just about what you stop eating.,No,,,
32,29/01/2026,01/29/2026 10:35,2026-01-29 18:35 GMT,Things that are not helpful - chronic pain edition,"People who’ve never experienced chronic pain can’t really imagine what it’s like. Even when you try to explain it, they don’t always get it.  Comments like “go for a walk, it’ll boost your mood” might come from good intentions, but they don’t  really help.  We know most people mean well. Still, some advice sticks with you. What’s the one comment about your pain that lives in your head rent-free?","Validation, Education",Carousel,FALSE,17903341290357754,https://www.instagram.com/p/DUGtdi7jP_6/,0,38,17,4,0,0,0,,0,0,0,,,,DSCF4007,https://www.tiktok.com/@docmap/video/7600813408417484054,2026/01/29 15:58:16,259,3,0,0,1,,,,,,,"Validation, Education",,People who’ve never experienced chronic pain can’t really imagine what it’s like....,People who’ve never experienced chronic pain can’t really imagine what it’s like.,No,Comment below,,
33,30/01/2026,01/30/2026 00:24,2026-01-30 08:24 GMT,whatsapp- what if there is a faster way to find care,Link in BIO. For everyone who needs some help in stressful times. All for free.,Brand,Reel,FALSE,17934983325157098,https://www.instagram.com/reel/DUIMJ_oDFyg/,21,70,42,6,0,1,0,,0,0,0,59%,6,,,,,,,,,,,,,,,,Brand,,Link in BIO. For everyone who needs some help in stressful times....,Link in BIO.,No,Link in bio,,
34,02/02/2026,,,Abbie - endo not just a bad period at times,,Story,Reel,TRUE,,,,188,,7,1,1,0,,0,0,,65%,5,,,,,775,6,0,0,0,3.23%,,,,,,Story,,,,No,,,
35,04/02/2026,02/04/2026 08:02,2026-02-04 16:02 GMT,3 therapist backed self care tool,"❤️‍🩹Pacing  - doing less (on purpose) Pacing is a cornerstone in chronic pain therapy. It’s the opposite of “push through it.” Instead, it teaches you to break activities into manageable chunks before exhaustion or pain peaks.  Pick one task, break it into 3 parts - prep, rest, finish, stop before you hit the wall.  ❤️‍🩹Grounding through sensory check-ins  Therapists teach sensory grounding to help calm pain-related anxiety and nervous system overactivation. Chronic pain keeps the brain in fight or flight, grounding helps switch it off.  Try the 5-4-3-2-1 method: Name 5 things you see 4 things you can touch 3 things you hear 2 things you smell 1 thing you taste  - great for panic attacks as well  ❤️‍🩹Self-validation journaling (not gratitude)  Many therapists use validation journaling to help you to stop gaslighting your own pain. It’s about acknowledging how hard something is without trying to fix it.  Try prompts like: Today was hard because… And that makes sense because… I’m allowed to rest because…  You don’t need to be positive, simply be you.",Education,Reel,FALSE,18126729568543302,https://www.instagram.com/reel/DUV4iUgDEJR/,6,175,116,4,0,1,0,,0,0,0,60%,4,,,,,,,,,,,,,,,,Education,,❤️‍🩹Pacing - doing less (on purpose) Pacing is a cornerstone in chronic...,❤️‍🩹Pacing - doing less (on purpose) Pacing is a cornerstone in chronic pain therapy.,No,,,
36,05/02/2026,02/05/2026 09:03,2026-02-05 17:03 GMT,I am an endo warrior,"Being an EndoWarrior isn’t about fighting every day or proving how strong you are It’s about being seen. Being recognised.  For everyone who’s been diagnosed – this one’s for you. Whether you talk about it openly or quietly get through the days, you’re part of something bigger. A community that understands what it means to live with this, even when no one else really gets it.  You don’t have to be strong all the time. You don’t have to call yourself a warrior. You just have to know, you’re not alone in this.",Validation,Static Post,FALSE,17900348940223986,https://www.instagram.com/p/DUYkW6jDEz5/,0,122,46,4,0,1,0,,4,0,0,,,1,,,,,,,,,,,,,,,Validation,,Being an EndoWarrior isn’t about fighting every day or proving how strong...,Being an EndoWarrior isn’t about fighting every day or proving how strong you are It’s about being seen.,No,,,
37,09/02/2026,02/09/2026 07:29,2026-02-09 15:29 GMT,we are looking or volunteers,"We’re building a new tool designed to help people with chronic illnesses, like Endometriosis, find the right specialists without the stress of endless Googling.  We’re looking for volunteers to help us test it out! It takes just 5 minutes to try the tool, followed by a short 15-minute casual chat to hear your thoughts.  🎁 As a thank you, you’ll receive a £20 voucher after our call.  If you (or someone you know) can help, please send us a DM or tag them below.   Your feedback helps us make healthcare  easier for everyone 💛",Brand,Reel,FALSE,18188897026358647,https://www.instagram.com/p/DUis9bTjERw/,0,2547,1573,26,3,7,1,1,59,14,14,,,5,"Endometriosis is not just a bad period At times, symptoms can be difficult to manage, which takes a tool on your wellbeing or mental health. If you are struggling, know that you’re not alone. Understanding the link between your condition and your mental health is a huge step towards managing your wellbeing. Be kind to yourself Find a community Look for a professional help You don’t have to face this journey alone, there are compassionate communities and trained professionals ready to support you.",https://www.tiktok.com/@docmap/video/7604804628382780695,2026/02/09 10:06:04,775,6,0,0,0,,,,"reposted by amy jane, £20 recruitment for patient testers",,,Brand,,"We’re building a new tool designed to help people with chronic illnesses,...","We’re building a new tool designed to help people with chronic illnesses, like Endometriosis, find the right specialists without the stress of endless Googling.",No,Follow us,,
38,11/02/2026,02/11/2026 11:21,2026-02-11 19:21 GMT,Jess- NHS not built for everyon,"Often, the system built for anyone isn’t for everyone.  The reality is that low-level chronic conditions are simply not supported enough.  Working with the right nutritionist can be a life-changing experience and, at the end of the day, it is an investment for a lifetime.  @jess.emma.s",Story,Reel,TRUE,18384512908154672,https://www.instagram.com/reel/DUoQ-mTjrED/,46,184,140,6,0,0,0,0,0,0,0,58%,8,0,"Often, the system built for anyone isn’t for everyone. The reality is that low-level chronic conditions are simply not supported enough. Working with the right nutritionist can be a life-changing experience and, at the end of the day, it is an investment for a lifetime.",https://www.tiktok.com/@docmap/video/7605693077000310038,2026/02/11 19:33:38,265,30,0,0,0,3.76%,,,,,,Story,@jess.emma.s,"Often, the system built for anyone isn’t for everyone. The reality is...","Often, the system built for anyone isn’t for everyone.",Yes,,,
39,12/02/2026,02/12/2026 09:35,2026-02-12 17:35 GMT,Aneta- debunking endo myth,"We’ve come a long way, yet many are still treating Endometriosis as a minor gynecological issue. This ""fertility-first"" mindset isn't accidental, it’s built into the historical research that shaped modern medical training:  * 1950s (Kistner): Pioneered ""Pseudo-pregnancy"" research. It focused entirely on hormonal suppression of the uterus, creating the myth that pregnancy ""cures"" the disease.  * 1981 (B&B Scale): This was the standard for clinical trials. It only measured pain during periods and s€x. If a patient had bowel, bladder, or nerve pain, it literally wasn't on the map.  * 1985 (AFS Staging): The Stage I-IV system many doctors still use. It’s a ""fertility scorecard"" that assigns points for reproductive organ damage, but zero points for a patient's level of pain.  While science now recognizes Endo as a systemic, whole-body inflammatory condition, the medical ""map"" is often still stuck in the 80s.   This is why non-reproductive symptoms are still frequently dismissed today.",Education,Reel,TRUE,17855334156616118,https://www.instagram.com/reel/DUqpPPyjFXe/,37,129,91,9,0,2,0,0,0,0,0,65%,8,,,,,338,5,3,0,2,2.05%,,,"duration 38 sec, total watch time14 min 41 sec",,,Education,,"We’ve come a long way, yet many are still treating Endometriosis as...","We’ve come a long way, yet many are still treating Endometriosis as a minor gynecological issue.",No,,,
40,13/02/2026,02/13/2026 10:35,2026-02-13 18:35 GMT,"Aneta- whatsapp demo, being ill is scary for all of us","Being ill is scary for all of us. We have been there too, and that’s why we are here to help you.  If you have been recently diagnosed but the NHS waiting list is too long, message us and we will do our best to find the right specialist for you.",Brand,Reel,TRUE,17896836750396848,https://www.instagram.com/reel/DUtVZOTDAEd/,22,163,134,6,0,0,0,0,0,0,0,79.50%,3,0,"We’ve come a long way, yet many are still treating Endometriosis as a minor gynecological issue. This ""fertility-first"" mindset isn't accidental, it’s built into the historical research that shaped modern medical training: * 1950s (Kistner): Pioneered ""Pseudo-pregnancy"" research. It focused entirely on hormonal suppression of the uterus, creating the myth that pregnancy ""cures"" the disease.  * 1981 (B&B Scale): This was the standard for clinical trials. It only measured pain during periods and s€x. If a patient had bowel, bladder, or nerve pain, it literally wasn't on the map.  * 1985 (AFS Staging): The Stage I-IV system many doctors still use. It’s a ""fertility scorecard"" that assigns points for reproductive organ damage, but zero points for a patient's level of pain.  While science now recognizes Endo as a systemic, whole-body inflammatory condition, the medical ""map"" is often still stuck in the 80s. This is why non-reproductive symptoms are still frequently dismissed today.",https://www.tiktok.com/@docmap/video/7606334803683642646,2026/02/13 13:03:51,263,6,0,0,0,1.50%,,,"duration 23 sec, total watch time 7m 59 sec",,,Brand,,Being ill is scary for all of us. We have been there...,Being ill is scary for all of us.,No,Message us / WhatsApp,,
41,16/02/2026,02/16/2026 09:20,2026-02-16 17:20 GMT,"i just want to tell you, for those struggling keep fighting","For those of you struggling right now, whether you’re fighting the pain of Endo or navigating a mental health battle, let us remind you, that there is still so many people that care about you! So keep on fighting 🩷💪",Validation,Carousel,FALSE,18078856433605213,https://www.instagram.com/p/DU07LLhDPxU/,0,180,115,6,0,1,0,3,3,0,0,,,,"Being ill is scary for all of us. We have been there too, and that’s why we are here to help you. If you have been recently diagnosed but the NHS waiting list is too long, message us and we will do our best to find the right specialist for you.",https://www.tiktok.com/@docmap/video/7607383411338120470,2026/02/16 08:53:41,263,6,0,0,0,,,,,,,Validation,,"For those of you struggling right now, whether you’re fighting the pain...","For those of you struggling right now, whether you’re fighting the pain of Endo or navigating a mental health battle, let us remind you, that there is still so many people that care about you!",No,,,
42,17/02/2026,02/17/2026 09:10,2026-02-17 17:10 GMT,aneta- here's what people said during our testing,"Thank you to everyone who helped and joined the call. It has been great chatting with you all.   You helped us to shine a light on the world of living with endometriosis, navigating the system, and your day to day life.   Your feedback won't go unnoticed, more updates coming soon!",Brand,Reel,TRUE,18081171419253617,https://www.instagram.com/reel/DU3e6A5jPz1/,47,213,160,8,0,0,0,1,2,2,2,72.80%,6,,,,,765,7,0,0,0,1.42%,,,"duration 48 sec, total watch time 20 min 29s",,,Brand,,Thank you to everyone who helped and joined the call. It has...,Thank you to everyone who helped and joined the call.,No,,,
43,18/02/2026,02/18/2026 11:17,2026-02-18 19:17 GMT,aneta - you cant go wrong with these 3 recipes,"You can't go wrong with these 3 recipes! Easy to make, fresh, and with veggies - exactly what your body needs.  Feta & Cherry Tomato Pasta Serves 2-3 people * Feta Cheese: 1 block * Cherry Tomatoes: 500g to 600g (about 2-3 cups) * Pasta: 250g to 300g  * Garlic: 3–4 cloves - with the skin * Olive Oil * Basil * Black Peper  Preheat your oven to 200°C Place in the oven for 30 minutes. Once it’s done, squeeze out garlic Use your hand blender if you want the sauce to be extra smooth Add your pasta  If you have a go-to easy meal, drop it down in the comments! 👇",Education,Reel,TRUE,18092392280089668,https://www.instagram.com/reel/DU6SFrPDmYJ/,43,272,220,4,0,1,0,,0,0,0,81.90%,4,,"You can't go wrong with these 3 recipes! Easy to make, fresh, and with veggies - exactly what your body needs. Feta & Cherry Tomato Pasta Serves 2-3 people Feta Cheese: 1 block Cherry Tomatoes: 500g to 600g (about 2-3 cups) Pasta: 250g to 300g Garlic: 3–4 cloves - with the skin Olive Oil Basil Black Peper Preheat your oven to 200°C Place in the oven for 30 minutes. Once it’s done, squeeze out garlic Use your hand blender if you want the sauce to be extra smooth Add your pasta If you have a go-to easy meal, drop it down in the comments! 👇",https://www.tiktok.com/@docmap/video/7608217133717130518,2026/02/18 14:48:16,795,5,0,0,0,1.61%,,,"duration 47 sec, total watch time 18m 27 sec",,,Education,,"You can't go wrong with these 3 recipes! Easy to make, fresh,...","You can't go wrong with these 3 recipes! Easy to make, fresh, and with veggies - exactly what your body needs.",No,Comment below,,
44,19/02/2026,02/19/2026 11:15,2026-02-19 19:15 GMT,endo nurse-how to reach out to them,"An Endometriosis Nurse is your clinical guide for symptom management and care coordination. Whether you use the NHS or private care, knowing how to access one can help you to navigate this journey better.  Need help navigating your care? Click our WhatsApp link in bio and let’s chat!","Pathway, Education",Carousel,FALSE,18158534602425059,https://www.instagram.com/p/DU82w0kjFJY/,0,97,37,5,0,0,0,0,2,0,0,,,,Let us know!,https://www.tiktok.com/@docmap/video/7608506701788106006,2026/02/19 09:32:05,254,0,0,0,0,,,,,,,"Pathway, Education",,An Endometriosis Nurse is your clinical guide for symptom management and care...,An Endometriosis Nurse is your clinical guide for symptom management and care coordination.,No,Link in bio,,
45,23/02/2026,02/23/2026 10:20,2026-02-23 18:20 GMT,abbie's endometriosis story,"This is Abbie’s story and her journey with Endometriosis. For her, it wasn’t just about painful periods. Endo is more than just ""bad cramps"" or infertility; it is a whole-body issue that affects every part of a person's life.  Every story is different, yet we are all in this together.",Story,Carousel,FALSE,18063234362650677,https://www.instagram.com/p/DVHDpMpDGXl/,0,201,83,13,0,0,1,1,5,0,0,,,1,,,,,,,,,,,,,,,Story,,"This is Abbie’s story and her journey with Endometriosis. For her, it...",This is Abbie’s story and her journey with Endometriosis.,No,,,
46,24/02/2026,02/24/2026 08:20,2026-02-24 16:20 GMT,"your feedback matters, update based on talking to you","Once again, thank you to everyone who spent some time giving us feedback and sharing your journey of navigating your diagnosis.  We’re making sure that our tool is here for you, and all your suggestions have been taken in. Here are some of our first updates that you can now find when looking for a specialist.",Brand,Carousel,FALSE,18093759152082466,https://www.instagram.com/p/DVJawdZDGf9/,0,99,28,8,0,0,0,0,2,0,0,,,,,,,,,,,,,,,,,,Brand,,"Once again, thank you to everyone who spent some time giving us...","Once again, thank you to everyone who spent some time giving us feedback and sharing your journey of navigating your diagnosis.",No,,,
47,25/02/2026,02/25/2026 08:58,2026-02-25 16:58 GMT,aneta-debunking endo myth 2-why painful periods are often dismissed by doctors,"In this episode of Debunking Endo Myths, we’re diving into why painful periods are so often dismissed by doctors.   Reminder: painful period is not normal. If you’re living on a cycle of painkillers just to survive the day, it’s time to seek real answers.","Education, Validation",Reel,TRUE,18096319285805318,https://www.instagram.com/reel/DVMDy2RjCvs/,0,231,194,11,0,0,0,0,0,0,0,77.60%,6,,"In this episode of Debunking Endo Myths, we’re diving into why painful periods are so often dismissed by doctors.  Reminder: painful period is not normal. If you’re living on a cycle of painkillers just to survive the day, it’s time to seek real answers.",https://www.tiktok.com/@docmap/video/7610852016126020886,2026/02/25 17:13:00,311,10,0,0,1,2.24%,,,"duration 1:04, total watch time 22 mins 41 sec",,,"Education, Validation",,"In this episode of Debunking Endo Myths, we’re diving into why painful...","In this episode of Debunking Endo Myths, we’re diving into why painful periods are so often dismissed by doctors.",No,,,
48,26/02/2026,02/26/2026 14:04,2026-02-26 22:04 GMT,aneta- worst medical advice you received- painful sex,"We ask, you answer: What’s the worst medical advice you have ever received—women’s health edition.  Painful sex is one of the first symptoms that many women diagnosed with endometriosis have mentioned.  If your symptoms are not improving or are getting worse, it’s time to get a second opinion.","Validation, Story",Reel,TRUE,18098353025301343,https://www.instagram.com/reel/DVPLnEPjEej/,0,174,134,7,0,0,0,0,0,0,0,47%,9,,,,,302,4,0,0,0,3.58%,,,"duration 36 sec, total watch time 21 min 32 sec",,,"Validation, Story",,"We ask, you answer: What’s the worst medical advice you have ever...","We ask, you answer: What’s the worst medical advice you have ever received—women’s health edition.",No,,,
49,27/02/2026,,,"emily-whatsapp -if you have endo, in pain, looking for a specialist",,Brand,Reel,TRUE,,,,188,,8,0,1,0,0,0,0,,67.60%,8,,"We ask, you answer: What’s the worst medical advice you have ever received 🩷women’s health edition🩷 Painful sex is one of the first symptoms that many women diagnosed with endometriosis have mentioned. If your symptoms are not improving or are getting worse, it’s time to get a second opinion.",https://www.tiktok.com/@docmap/video/7611515895508208918,2026/02/27 12:09:13,279,1,0,0,0,0.70%,,,"duration 34 sec, total watch time 20 m 47 sec",,,Brand,,,,No,,,
50,02/03/2026,03/02/2026 08:50,2026-03-02 16:50 GMT,aneta- raise your hand if youve ever been told that having painful period is normal and sent home,"Raise your hand if you’ve ever been told that “having painful period is normal and sent home 🙋‍♀️  So many of us ignore our symptoms for years because we’re told it’s normal.   However, if the pain stops you from functioning in day-to-day life, it’s time to book that appointment.",Validation,Reel,TRUE,18155672062439534,https://www.instagram.com/reel/DVY63rvjW4g/,24,199,150,6,3,0,0,1,0,0,0,85.20%,4,,"Raise your hand if you’ve ever been told that “having painful period is normal and sent home 🙋‍♀️ So many of us ignore our symptoms for years because we’re told it’s normal. However, if the pain stops you from functioning in day-to-day life, it’s time to book that appointment.",https://www.tiktok.com/@docmap/video/7612685378457308438,2026/03/02 15:47:23,792,11,0,0,1,3.49%,,,"duration 24 sec, total watch time 12 min 2 s",,,Validation,,Raise your hand if you’ve ever been told that “having painful period...,Raise your hand if you’ve ever been told that “having painful period is normal and sent home 🙋‍♀️ So many of us ignore our symptoms for years because we’re told it’s normal.,No,Book appointment/call,,
51,04/03/2026,03/04/2026 09:30,2026-03-04 17:30 GMT,aneta - 3 recipes if you cant be bothered to cook,"This one is for all of you who can’t be bothered with cooking but need that go to list of low-effort meals.   I’ve tried many TikTok recipes over the years and these three are my all time go tos.  * Feta & Cherry Tomato: This one went viral for a reason. Good tomatoes are the backbone, so don't cheap out on these!� * Lazy Poke Bowl: My all-time favorite, as I can change things up every time.� * Korean Rice with Kimchi: This is quite literally the easiest meal you can make.   I hope this helps, and let me know in the comments if you want more easy, endo-friendly nutrition tips!",Education,Reel,TRUE,17905179564205917,https://www.instagram.com/reel/DVeJH23jeUt/,17,176,146,4,0,0,0,0,0,0,0,66.40%,3,,"3 easy meals This one is for all of you who can’t be bothered with cooking but need that go to list of low-effort meals. I’ve tried many TikTok recipes over the years and these three are my all time go tos. Feta & Cherry Tomato: This one went viral for a reason. Good tomatoes are the backbone, so don't cheap out on these! Lazy Poke Bowl: My all-time favorite, as I can change things up every time. Korean Rice with Kimchi: This is quite literally the easiest meal you can make. I hope this helps, and let me know in the comments if you want more easy, endo-friendly nutrition tips!",https://www.tiktok.com/@docmap/video/7613435223086288150,2026/03/04 16:17:09,267,2,0,0,0,1.87%,,,"duration 18 sec, total watch time 9m 33. I dont know why we are still posting recipe videos and the recipe videos are targing no one",,,Education,,This one is for all of you who can’t be bothered with...,This one is for all of you who can’t be bothered with cooking but need that go to list of low-effort meals.,No,Comment below,,
52,05/03/2026,03/05/2026 09:06,2026-03-05 17:06 GMT,aneta-redefining the way you find private specialist,We’re redefining the way you find private specialists.  Taking away that guesswork to save you time and give you more clarity. Try it out and see—link in BIO.,Brand,Reel,TRUE,17998273724879559,https://www.instagram.com/reel/DVgrFRVDL26/,0,188,148,5,0,0,0,0,0,0,0,63.70%,4,,We’re redefining the way you find private specialists. Taking away that guesswork to save you time and give you more clarity. Try it out and see - link in BIO.,https://www.tiktok.com/@docmap/video/7613769017051893014,2026/03/05 13:52:27,277,1,0,0,0,1.80%,,,"duration 51 sec, total watch time 13m 47 sec",,,Brand,,We’re redefining the way you find private specialists. Taking away that guesswork...,We’re redefining the way you find private specialists.,No,Link in bio,,
53,09/03/2026,03/09/2026 12:23,2026-03-09 19:23 GMT,aneta- worst medical advice you received - vulvodynia,"We ask, you answer: what's the worst medical advice you've ever received, women's health edition pt. 2  Sometimes the advice women are given to ""get better"" is genuinely shocking. Chimpanzee noises are currently ranking #1.  Vulvodynia affects up to 1 in 7 women and is still massively misunderstood, most people have never even heard of it. Philippa turned her experience into advocacy. Follow her journey @thrushsupport",Story,Reel,TRUE,18098244733759136,https://www.instagram.com/reel/DVrNulXkmPK/,59,197,162,5,0,0,1,0,0,0,0,64.90%,6,,"We ask, you answer: what's the worst medical advice you've ever received, women's health edition pt. 2 Sometimes the advice women are given to ""get better"" is genuinely shocking. Chimpanzee noises are currently ranking #1. Vulvodynia affects up to 1 in 7 women and is still massively misunderstood, most people have never even heard of it. Philippa turned her experience into advocacy. Follow her journey on IG @thrushsupport",https://www.tiktok.com/@docmap/video/7615269984591236374,2026/03/09 14:56:58,283,4,0,0,0,0.70%,,,"duration 1 min, total watch time 17 min 24 sec",,,Story,@thrushsupport,"We ask, you answer: what's the worst medical advice you've ever received,...","We ask, you answer: what's the worst medical advice you've ever received, women's health edition pt.",Yes,Follow us,,
54,10/03/2026,03/10/2026 10:57,2026-03-10 17:57 GMT,why the yellow ribbon for endo,"Week two of Endo Month. If you've been sharing, talking, and showing up, thank you.   If you're just finding out this is even a thing, that's exactly why we keep posting.  The yellow ribbon doesn't come off on March 31st 💛  #endometriosisawarenessmonth",Education,Carousel,FALSE,18043644710534599,https://www.instagram.com/p/DVto-XmjybY/,0,313,182,15,0,0,4,1,2,0,0,,,,,,,,,,,,,,,,,,Education,,"Week two of Endo Month. If you've been sharing, talking, and showing...",Week two of Endo Month.,No,,,
55,11/03/2026,03/11/2026 10:00,2026-03-11 17:00 GMT,"aneta- no time out, no your chat has ended","No time out, no ""your chat has ended""   Our recommendations stay in your WhatsApp.   We hope we can help you navigate to the right private specialist, all you need to do is drop us a message.   Speak soon!",Brand,Reel,TRUE,17927520282219098,https://www.instagram.com/reel/DVwHLtMDVee/,27,170,143,0,0,0,0,0,0,0,0,70.50%,4,,"No time out, no ""your chat has ended"" Our recommendations stay in your WhatsApp. We hope we can help you navigate to the right private specialist, all you need to do is drop us a message. Speak soon!",https://www.tiktok.com/@docmap/video/7616014791228001538,2026/03/11 15:07:15,272,2,0,0,0,1.45%,,,"duration 27 sec, total watch time 11m 44s ",,,Brand,,"No time out, no ""your chat has ended"" Our recommendations stay in...","No time out, no ""your chat has ended"" Our recommendations stay in your WhatsApp.",No,Message us / WhatsApp,,
56,12/03/2026,03/12/2026 10:35,2026-03-12 17:35 GMT,worst medical advice you received - remaining,Thank you to everyone who shared their story with us. 💛  Sometimes the road to answers is long but you reminded us that advocating for yourself is always worth it.   A second opinion can change everything.  Drop your experience in the comments.,Story,Reel,TRUE,18088228786899950,https://www.instagram.com/reel/DVywBIlDb3T/,27,174,142,3,0,0,0,0,0,0,0,79.70%,3,,Thank you to everyone who shared their story with us 💛 Sometimes the road to answers is long but you reminded us that advocating for yourself is always worth it. A second opinion can change everything. Drop your experience in the comments.,https://www.tiktok.com/@docmap/video/7616377384140295446,2026/03/12 14:34:43,263,2,0,0,0,2.59%,,,"duration 28 sec, total watch time 9m 35s",,,Story,,Thank you to everyone who shared their story with us. 💛 Sometimes...,Thank you to everyone who shared their story with us.,No,Comment below,,
57,13/03/2026,03/13/2026 00:45,2026-03-13 07:45 GMT,endo is as common as asthma and diabetes,"Endometriosis is as common as asthma or diabetes. So why don't we talk about it?  Endometriosis affects 1 in 10 women, that’s around 1.5 million people in the UK alone, roughly the same number affected by diabetes or asthma. And yet, 54% of people don't know what it is.  If half the population had never heard of asthma, we'd consider it a public health crisis.   It causes chronic pain, fatigue, and infertility and in many cases takes years to diagnose because symptoms are so often dismissed or normalised. The condition costs the UK economy £8.2 billion a year in treatment, healthcare, and lost work.  Research shows the economic burden is comparable to or higher than other chronic diseases like heart disease and diabetes.   The comparison to asthma or diabetes isn't just about numbers. It's about the gap between how seriously we take those conditions versus how endometriosis has historically been treated: as something to push through, not something to treat.  Awareness is especially low among young women. 62% of women aged 16–24 don't know what endometriosis is. The same group that is most likely to be experiencing their first symptoms and dismissing them as ""bad periods.""  Endometriosis deserves the same research funding, clinical urgency, and public awareness as any other chronic condition affecting millions of lives.",Education,Static Post,TRUE,18081458921200767,https://www.instagram.com/p/DV0RPWdjJAk/,0,144,56,6,0,0,0,0,1,0,0,,,,"Finding an endometriosis specialist who truly understands the condition shouldn't feel impossible but it often does. We help you find private endo specialists, so you're not left navigating it alone. Drop us a message and we'll take it from there 💛",https://www.tiktok.com/@docmap/video/7616758383286390038,2026/03/13 15:13:36,916,12,0,0,3,,,,,,,Education,,Endometriosis is as common as asthma or diabetes. So why don't we...,Endometriosis is as common as asthma or diabetes.,No,,,
58,17/03/2026,03/17/2026 09:36,2026-03-17 16:36 GMT,amy- i need help finding an endo specialist,"After my recent update regarding my endometriosis care under the NHS, I'm now debating whether I should go down the private route.   I've had so many recommendations of both surgeons and hospitals that I should look at around the globe! However I honestly don't know where to start with it all.   But then I discovered @docmapuk and thought I'd ask for their help.   DocMap offer a free WhatsApp based service to help women, like myself, find the right private specialist surgeon without the hours of research.   The service itself is quick, free and reliable with an actual person on the other end of the chat...no bots or AI!  They take away the stress and overwhelming feelings that can come with this type of research. And honestly anything that saves us energy whilst living with Endometriosis is a win right?   If you're looking into private healthcare, or just curious to see what options they could find for you, I've popped the link in my bio where you can message them directly.   And remember, it's completely free!  I now basically have my whole surgery team lined up and in place ready for when the time comes!🙌🏼  #docmap #docmapuk #docmapukpartner #endometriosis #womenshealth","Story, Brand",Reel,FALSE,18057896480422470,https://www.instagram.com/reel/DV_g3JBDBEy/,90,7271,,158,28,45,0,5,untrackable due to collab,untrackable due to collab,,58.20%,11,,"Endometriosis awareness has been marked in March since the early 1990s, when patient advocates first pushed to make this disease visible. Thirty years later, were still fighting forthe same things, faster diagnosis and more research. 1 in 10. No cure 8-10 years to get a diagnosis on average. Swipe through. Share it. And if you want to do more than post go to endometriosis-uk.org",https://www.tiktok.com/@docmap/video/7618206095848328470,2026/03/17 12:50:40,835,31,0,0,2,,,,"duration 1 min 30, total watch time 16h 52m 53s",,,"Story, Brand",,"After my recent update regarding my endometriosis care under the NHS, I'm...","After my recent update regarding my endometriosis care under the NHS, I'm now debating whether I should go down the private route.",No,Message us / WhatsApp,,
59,17/03/2026,03/17/2026 10:15,2026-03-17 17:15 GMT,endo truth they dont tell you,"It's week three of Endometriosis Awareness Month and we're not done talking about it 🎗️  The basics are out there but some truths about endometriosis still don't get nearly enough airtime.  If you're feeling lost, don't know where to turn, or need a second opinion from a specialist who will actually listen, we can help.   We connect women with the right private specialists so you don't have to navigate it alone.  Drop us a message on WhatsApp or find the link in our bio 🔗",Education,Carousel,FALSE,18093136475162584,https://www.instagram.com/p/DV_lqcKDOLe/,0,347,197,13,0,3,2,1,11,0,0,,,,"Endometriosis awareness has been marked in March since the early 1990s, when patient advocates first pushed to make this disease visible. Thirty years later, were still fighting forthe same things, faster diagnosis and more research. 1 in 10. No cure 8-10 years to get a diagnosis on average. Swipe through. Share it. And if you want to do more than post go to endometriosis-uk.org",https://www.tiktok.com/@docmap/video/7618206095848328470,2026/03/17 12:50:40,835,31,0,0,2,,,,,,,Education,,It's week three of Endometriosis Awareness Month and we're not done talking...,It's week three of Endometriosis Awareness Month and we're not done talking about it 🎗️ The basics are out there but some truths about endometriosis still don't get nearly enough airtime.,No,Message us / WhatsApp,,
60,18/03/2026,03/18/2026 10:05,2026-03-18 17:05 GMT,aneta-whatsapp - one of the most common and painful patterns we,"One of the most common and painful patterns we hear from the endometriosis community is being dismissed, delayed, or never properly referred, because the NHS is under immense pressure.  The problem is that going private can feel overwhelming.   We don’t just point you in the right direction.   We shortlist the right specialists, explain why they’re a strong fit, clarify costs, and if you’d like, we handle the booking for you as well.   You focus on your health. We take care of the rest.",Brand,Reel,TRUE,18206189152330870,https://www.instagram.com/reel/DWBWmDvjDMJ/,32,145,130,4,0,1,0,0,0,0,0,91.50%,2,,"One of the most common and painful patterns we hear from the endometriosis community is being dismissed, delayed, or never properly referred, because the NHS is under immense pressure. The problem is that going private can feel overwhelming. We don't just point you in the right direction. We shortlist the right specialists, explain why they're a strong fit, clarify costs, and if you'd like, we handle the booking for you as well. You focus on your health. We take care of the rest.",https://www.tiktok.com/@docmap/video/7618633563667402007,2026/03/18 16:29:24,263,2,0,0,0,0%,,,"duration 33 sec, total watch time 5m 10s",,,Brand,,One of the most common and painful patterns we hear from the...,"One of the most common and painful patterns we hear from the endometriosis community is being dismissed, delayed, or never properly referred, because the NHS is under immense pressure.",No,Book appointment/call,,
61,19/03/2026,03/19/2026 11:10,2026-03-19 18:10 GMT,emily-whatsapp- finding an endo specialist who truly understand,"Finding an endometriosis specialist who truly understands the condition shouldn't feel impossible but it often does.  We help you find private endo specialists, so you're not left navigating it alone.  Drop us a message and we'll take it from there 💛",Brand,Reel,TRUE,18095770778081206,https://www.instagram.com/reel/DWBW84cjm_z/,49,178,144,4,0,0,0,0,0,0,0,83.20%,4,,,,,281,3,0,0,1,0.34%,,,"duration 49 sec, total watch time 10m 37s",,,Brand,,Finding an endometriosis specialist who truly understands the condition shouldn't feel impossible...,Finding an endometriosis specialist who truly understands the condition shouldn't feel impossible but it often does.,No,Message us / WhatsApp,,
62,20/03/2026,03/20/2026 02:20,2026-03-20 09:20 GMT,endo meme,78% of endo patients were told they were making a fuss about nothing. They weren't. You aren't either.,Validation,Carousel,TRUE,18003471233714988,https://www.instagram.com/p/DWGduzbDGq5/,0,216,72,21,0,0,0,1,2,0,0,,,,,,,888,20,0,1,1,3/6,,,,,,Validation,,78% of endo patients were told they were making a fuss about...,78% of endo patients were told they were making a fuss about nothing.,No,,,
63,26/03/2026,03/26/2026 11:07,2026-03-26 18:07 GMT,aneta-amy - interview/podcast- biggest misconception,"We sat down with Amy-Jane @growwithendo 🎗️  Amy started her Instagram back in 2023 to share her endo journey and show that despite living with endometriosis, she refuses to give up on life. And honestly? Her energy is everything.  Endometriosis is so much more than bad period pain and women like Amy are on the front line of changing that narrative, one conversation at a time. The more we talk about it, the harder it becomes to ignore.  More coming soon🧡",Story,Reel,TRUE,17866585311602589,https://www.instagram.com/reel/DWW2sATjLTe/,45,3701,2552,110,5,14,13,4,3,3,3,58.60%,11,,,,,312,9,0,1,0,3.96%,,,,,,Story,@growwithendo,We sat down with Amy-Jane @growwithendo 🎗️ Amy started her Instagram back...,"We sat down with Amy-Jane @growwithendo 🎗️ Amy started her Instagram back in 2023 to share her endo journey and show that despite living with endometriosis, she refuses to give up on life.",Yes,,,
64,27/03/2026,03/27/2026 05:24,2026-03-27 12:24 GMT,bin collecting low pain tolerance comments,This bin collects low pain tolerance comments so you don't have to carry them anymore.,Validation,Static Post,FALSE,18158324923446315,https://www.instagram.com/p/DWY0G0RDIrE/,0,91,50,8,1,0,0,0,0,,0,,,,"We sat down with Amy-Jane @growwithendo 🎗️ Amy started her Instagram back in 2023 to share her endo journey and show that despite living with endometriosis, she refuses to give up on life. And honestly? Her energy is everything. Endometriosis is so much more than bad period pain and women like Amy are on the front line of changing that narrative, one conversation at a time. The more we talk about it, the harder it becomes to ignore. More coming soon🧡",https://www.tiktok.com/@docmap/video/7621897161323875607,2026/03/27 11:33:52,312,9,0,1,0,,,,,,,Validation,,This bin collects low pain tolerance comments so you don't have to...,This bin collects low pain tolerance comments so you don't have to carry them anymore.,No,Comment below,,
65,29/03/2026,03/29/2026 04:00,2026-03-29 12:00 BST,aneta- debunking endo myth - endo wont grow back after surgery,"If you've been told surgery will fix your endo for good, this one's for you. Laparoscopy can be genuinely life-changing. But it removes the result of endo, not the cause.",Education,Reel,TRUE,18031957793790374,https://www.instagram.com/reel/DWd0TrIOvpi/,46,195,161,9,0,0,1,0,0,0,0,70.80%,4,,,,,615,8,0,0,1,5.29%,,,,,,Education,,"If you've been told surgery will fix your endo for good, this...","If you've been told surgery will fix your endo for good, this one's for you.",No,,,
66,30/03/2026,03/30/2026 09:41,2026-03-30 17:41 BST,Aneta- yoga pose for endo belly,"If you have endometriosis, you probably know endo belly all too well.   Gentle yoga can really help, certain poses work by opening the hips and pelvis, stimulating digestion, releasing the pelvic floor and switching the nervous system into rest mode, all of which can make a real difference to bloating.   No intense flows, no pressure, just slow, intentional movements.  Does anyone else turn to yoga when endo belly hits?",Education,Reel,FALSE,18087119393211335,https://www.instagram.com/reel/DWhAFGRjipy/,0,234,182,7,1,5,1,0,0,0,0,51.90%,6,,,,,,,,,,,,,,,,Education,,"If you have endometriosis, you probably know endo belly all too well....","If you have endometriosis, you probably know endo belly all too well.",No,,,
67,01/04/2026,04/01/2026 08:58,2026-04-01 16:58 BST,silent endo symptoms,"Everything else but painful periods.   Endometriosis has more symptoms, don’t brush them off. Fight for being heard.",Education,Carousel,TRUE,17879947461540352,https://www.instagram.com/p/DWmE27ZjMPT/,0,118,42,9,0,1,0,0,3,1,1,,,,,,,1675,70,0,9,23,3.1/7,,1,,,,Education,,"Everything else but painful periods. Endometriosis has more symptoms, don’t brush them...",Everything else but painful periods.,No,,,
68,02/04/2026,04/02/2026 08:51,2026-04-02 16:51 BST,aneta-amy-interview/podcast - endo community is the best,"From our talk with Amy-Jane @growwithendo about the wonderful Endo community.  Although you may feel alone in this, you aren't really alone.",Story,Reel,FALSE,18058721423705757,https://www.instagram.com/reel/DWonkEFjPxh/,54,1335,1121,17,0,0,1,0,0,1,1,69.30%,7,,"Endometriosis has more symptoms, don't brush them off. Fight for being heard.",https://www.tiktok.com/@docmap/video/7624194576072363286,2026/04/02 16:08:54,1677,70,0,9,23,,,,,,,Story,@growwithendo,From our talk with Amy-Jane @growwithendo about the wonderful Endo community. Although...,From our talk with Amy-Jane @growwithendo about the wonderful Endo community.,Yes,,,
69,03/04/2026,04/03/2026 00:40,2026-04-03 08:40 BST,reminder endo is recongised as one of the most painful disease,"Did you know that endometriosis is widely recognized as one of the most painful medical conditions?  Sitting alongside cancer, kidney stones, and childbirth  But if endometriosis gave us anything, it's the most compassionate community of women.",Education,Static Post,FALSE,18078452342423021,https://www.instagram.com/p/DWqVcl_DB9o/,0,64,33,4,0,1,0,0,0,0,0,,,,,,,,,,,,,,,,,,Education,,Did you know that endometriosis is widely recognized as one of the...,"Did you know that endometriosis is widely recognized as one of the most painful medical conditions? Sitting alongside cancer, kidney stones, and childbirth But if endometriosis gave us anything, it's the most compassionate community of women.",No,,,
70,07/04/2026,04/07/2026 08:05,2026-04-07 16:05 BST,aneta-amy-interview/podcast - dealing with body changes and endo belly,"Dealing with body changes and endo belly are some of the symptoms that, on top of dealing with pain, can destroy one's confidence and mental health.   However, we are not just our bodies, we are a whole package.   Once you stop hating your body, everything becomes just so much easier - @growwithendo",Story,Reel,TRUE,18420535813134423,https://www.instagram.com/reel/DW1bU6DjDyO/,63,178,144,6,1,2,0,0,0,0,0,56.50%,6,,"From our talk with Amy-Jane @growwithendo about the wonderful Endo community. Although you may feel alone in this, you aren't really alone.",https://www.tiktok.com/@docmap/video/7625925094199659798,2026/04/07 08:04:17,273,15,0,0,0,0.71%,,,,,,Story,@growwithendo,Dealing with body changes and endo belly are some of the symptoms...,"Dealing with body changes and endo belly are some of the symptoms that, on top of dealing with pain, can destroy one's confidence and mental health.",Yes,,,
71,08/04/2026,04/08/2026 09:40,2026-04-08 17:40 BST,aneta-amy-interview/podcast-body positivity and social media,"Body positivity and social media.   It's hard for us women to stop comparing our bodies, let alone when your body is battling a chronic illness.   We agreed with Amy that getting off social media is the best thing you can do (but it's hard when your job requires it).",Story,Reel,FALSE,18334302316217912,https://www.instagram.com/reel/DW4LMSZtieQ/,80,152,133,4,0,0,0,0,0,0,0,60%,7,,,,,,,,,,,,,,,,Story,,Body positivity and social media. It's hard for us women to stop...,Body positivity and social media.,No,,,
72,09/04/2026,04/09/2026 10:58,2026-04-09 18:58 BST,aneta-amy-interview/podcast-endometriosis takes a toll on your body,"Endometriosis takes a toll on your body, and in the age of social media, it's easy to fall into the trap of comparing yourself and chasing that perfect body.   But we are more than just our bodies :)",Story,Reel,TRUE,18318301375258280,https://www.instagram.com/reel/DW6426PDP77/,27,3445,2414,73,3,9,3,6,,6,6,50.30%,10,,"Endometriosis takes a toll on your body, and in the age of social media, it's easy to fall into the trap of comparing yourself and chasing that perfect body. But we are more than just our bodies :) @growwithendo",https://www.tiktok.com/@docmap/video/7626821939394317590,2026/04/09 18:04:26,1002,48,2,1,1,11.57%,,3,,,,Story,,"Endometriosis takes a toll on your body, and in the age of...","Endometriosis takes a toll on your body, and in the age of social media, it's easy to fall into the trap of comparing yourself and chasing that perfect body.",No,,,
73,10/04/2026,04/10/2026 10:00,2026-04-10 18:00 BST,aneta-amy-interview/podcast-hows the experience going through NHS vs Private,"How's the experience going though NHS vs private.   Many women decide to go through the private path when they start hitting the wall.   You automatically expect a better quality of treatment and aftercare.   But since this path is self-funded, you want to make sure you are choosing the right doctor.   What if there was a service that can help you with finding the right doctor?  Message us on our WhatsApp and we will filter the most suitable options for you based on location, symptoms or insurance.   No paid favouritism, truly an add-on to our booking system.",Story,Reel,TRUE,17981734706988692,https://www.instagram.com/reel/DW9XALXNIQA/,47,387,301,6,0,1,0,0,0,0,0,46%,11,,,,,265,6,0,1,1,3.32%,,,,,,Story,,How's the experience going though NHS vs private. Many women decide to...,How's the experience going though NHS vs private.,No,Message us / WhatsApp,,
74,13/04/2026,04/13/2026 09:02,2026-04-13 17:02 BST,"aneta-amy-interview/podcast-when nhs wasnt enough, amy went private","When the NHS wasn't enough, Amy went private.   Here's her honest comparison of having surgery done both ways and what really sets them apart.  Had your surgery both on the NHS and privately?  What was the biggest difference for you, besides the cost? 👇",Story,Reel,TRUE,18091921282918270,https://www.instagram.com/reel/DXE-uQujHwL/,52,223,178,8,0,0,0,0,0,0,0,48.90%,9,,,,,824,11,2,1,0,7.99%,,1,,,,Story,,"When the NHS wasn't enough, Amy went private. Here's her honest comparison...","When the NHS wasn't enough, Amy went private.",No,,,
...,,,,,,,,,,,,,,,,,,,,,,,,,,,,,,,,,,,,,,,,,,,No,,,